,Years,Total fertility rates (children/woman),Crude birth rates,Age 0-14,Age 15-29,Age 30-44,Age 45-59,Age 60-74,Age 75+,Argentina_x,EU_x,USA_x,World_x,USA Yearly Inflation_x,USA Future Value_x,Yearly Avg Exchange Rate,USD ($B), % of GDP,% Change,Fertility Rate,Deficit ($M),Deficit (%GDP),Nominal GDP,Argentina_y,EU_y,USA_y,World_y,USA Yearly Inflation_y,USA Future Value_y,Inflation Adjusted GDP,Per Capita Income (USD),% Under US $5.50 Per Day,Change
0,2010,2.4,18.5,0.255,0.248,0.20199999999999999,0.152,0.098,0.045,10.89,1.61,1.64,2.53,1.0164,0.33146632270778414,3.912333333333333,80.208868,18.9338,13.8969,2.346,-5918,-1.39,10385.9644319555,10.89,1.61,1.64,2.53,1.0164,0.33146632270778414,3442.5974380341295,3877.82,11.4,-1.5
1,2022,1.4,10.1,0.22,0.233,0.221,0.16399999999999998,0.11199999999999999,0.05,94.8,8.83,8.0,7.97,1.08,0.24577617984869468,136.8925,102.8719753,16.2996,5.7705,1.876,-24270,-3.85,13650.6046294524,94.8,8.83,8.0,7.97,1.08,0.24577617984869468,3354.9934584517173,4354.65,10.9,-0.5
